DisplayName,EmailAddress,Password
Kunal Goyal,kunal.goyal@inboxnavvvvp.cyou,v(2|YYC-ssTDKf2*
Kunal Goyal,kgoyal@inboxnavvvvp.cyou,"S.?j3BbIUegE,WvA"
Kunal Goyal,k.goyal@inboxnavvvvp.cyou,CsZIDG8F@3[[d]Oz
Kunal Goyal,kunalg@inboxnavvvvp.cyou,<0u5*;%e6I0$2X[2
Kunal Goyal,kunal.g@inboxnavvvvp.cyou,gsW1k}K%?#Fi>VY3
Kunal Goyal,kunalgoyal@inboxnavvvvp.cyou,r6;Itqk+#F;cB{7]
Kunal Goyal,kunal_goyal@inboxnavvvvp.cyou,|bktog*7at:k8M|5
Kunal Goyal,kunal-goyal@inboxnavvvvp.cyou,{dL(v3kuo1n{oBa[
Kunal Goyal,goyal.kunal@inboxnavvvvp.cyou,"G6d:(%8yRQMCIr,^"
Kunal Goyal,goyalk@inboxnavvvvp.cyou,t0m.M9oo3_>M7[C6
Kunal Goyal,goyal.k@inboxnavvvvp.cyou,k+?5oPQ535l?i>q^
Kunal Goyal,gkunal@inboxnavvvvp.cyou,T7}C%*sl[|99$?<x
Kunal Goyal,g.kunal@inboxnavvvvp.cyou,l9QT3Y&R.:YL1!-M
Kunal Goyal,goyalkunal@inboxnavvvvp.cyou,n$4Qr@w-S^:Uv.1c
Kunal Goyal,goyal_kunal@inboxnavvvvp.cyou,"[.j$4?,Qm^ggHVYt"
Kunal Goyal,goyal-kunal@inboxnavvvvp.cyou,"SL,|_O4d$m3,%W);"
Kunal Goyal,kunal.goya@inboxnavvvvp.cyou,SQaOUO{lgcj4rB^N
Kunal Goyal,kunal_goya@inboxnavvvvp.cyou,DYToa92n!<8$|?a;
Kunal Goyal,kunal-goya@inboxnavvvvp.cyou,(iE-6Jz>Q_82kixe
Kunal Goyal,kunalgoya@inboxnavvvvp.cyou,"]r},u70}%jI}Pi1C"
Kunal Goyal,kunal.goy@inboxnavvvvp.cyou,xcUd!A2Lg()C7YkP
Kunal Goyal,kunal_goy@inboxnavvvvp.cyou,8eZ8}GI2<9etgv6)
Kunal Goyal,kunal-goy@inboxnavvvvp.cyou,jm_{<c6Q$b?EmK(q
Kunal Goyal,kunalgoy@inboxnavvvvp.cyou,"*%*2a,d>F>%M@6r@"
Kunal Goyal,kunal.go@inboxnavvvvp.cyou,*dN4)L&UF1PLib*w
Kunal Goyal,kunal_go@inboxnavvvvp.cyou,">G0Rmm,jRE&qws)}"
Kunal Goyal,kunal-go@inboxnavvvvp.cyou,"n[j>;E*R,nS>Ch0@"
Kunal Goyal,kunalgo@inboxnavvvvp.cyou,nzs-9F_=RoCfQ^b7
Kunal Goyal,kunal_g@inboxnavvvvp.cyou,"VcnN@xB2i,7_Qv!9"
Kunal Goyal,kunal-g@inboxnavvvvp.cyou,"0D,E>L}++fDuej%7"
Kunal Goyal,kuna.goyal@inboxnavvvvp.cyou,{NSyyp^y:=CH52_u
Kunal Goyal,kuna_goyal@inboxnavvvvp.cyou,"r0,0v6DR|c)eOYM6"
Kunal Goyal,kuna-goyal@inboxnavvvvp.cyou,"xP,+Y}*Q]0ZE1Dg]"
Kunal Goyal,kunagoyal@inboxnavvvvp.cyou,nOlmA7wV41|$K+CO
Kunal Goyal,kuna.goya@inboxnavvvvp.cyou,_5TU[@F4UTeQ=5t:
Kunal Goyal,kuna_goya@inboxnavvvvp.cyou,[Y=Ba^I>>N3jb1>1
Kunal Goyal,kuna-goya@inboxnavvvvp.cyou,L>$Pvva4+[g18+tN
Kunal Goyal,kunagoya@inboxnavvvvp.cyou,|coUxMBGj_G&x3#q
Kunal Goyal,kuna.goy@inboxnavvvvp.cyou,|<FM4Z^x:Z|n:a_{
Kunal Goyal,kuna_goy@inboxnavvvvp.cyou,iRY<dwC-R%Y47jfE
Kunal Goyal,kuna-goy@inboxnavvvvp.cyou,+4$)_F=-tF_DZ$?4
Kunal Goyal,kunagoy@inboxnavvvvp.cyou,{[BCrW&xpMC$s0v4
Kunal Goyal,kuna.go@inboxnavvvvp.cyou,WToGpuj&JMZ_0y3&
Kunal Goyal,kuna_go@inboxnavvvvp.cyou,a?i[b#6X9|mt%3bH
Kunal Goyal,kuna-go@inboxnavvvvp.cyou,",O#pvA<4$E56;Jc6"
Kunal Goyal,kunago@inboxnavvvvp.cyou,1.psDWlXO-[>?=SK
Kunal Goyal,kuna.g@inboxnavvvvp.cyou,Ye{;t6yU#{+CKoDk
Kunal Goyal,kuna_g@inboxnavvvvp.cyou,<a0FWNf+RS2sCB0h
Kunal Goyal,kuna-g@inboxnavvvvp.cyou,5B:Squg1byAjK(VE
Kunal Goyal,kunag@inboxnavvvvp.cyou,^m;2*Nwzat0zx=D$
Sakshi singh,sakshi.singh@inboxnavvvvp.cyou,]>f^!p-HAwOOrI9d
Sakshi singh,ssingh@inboxnavvvvp.cyou,t)%Ev>*vEfW6y^|2
Sakshi singh,s.singh@inboxnavvvvp.cyou,sI)z]i1$JlG<ZAe-
Sakshi singh,sakshis@inboxnavvvvp.cyou,WU13u]Wr+d1w6hp!
Sakshi singh,sakshi.s@inboxnavvvvp.cyou,ZAl;TiN(NH[Vn86e
Sakshi singh,sakshisingh@inboxnavvvvp.cyou,"*#aAA,41mq79SxTg"
Sakshi singh,sakshi_singh@inboxnavvvvp.cyou,:%b*ed=T9$Tt$]8[
Sakshi singh,sakshi-singh@inboxnavvvvp.cyou,OjD{26XW>jr|Xv<t
Sakshi singh,singh.sakshi@inboxnavvvvp.cyou,"rAMVr$s,#c#8pAUZ"
Sakshi singh,singhs@inboxnavvvvp.cyou,(cI?Yo1|sG)(_F0.
Sakshi singh,singh.s@inboxnavvvvp.cyou,"v}p,;UIe8zx0=Hy_"
Sakshi singh,ssakshi@inboxnavvvvp.cyou,u5rS=G-HCB2m!N#P
Sakshi singh,s.sakshi@inboxnavvvvp.cyou,3b*B_ELj3Ghwz9SU
Sakshi singh,singhsakshi@inboxnavvvvp.cyou,$N{T[Q8C<x6sSya*
Sakshi singh,singh_sakshi@inboxnavvvvp.cyou,0R6_usr&we(34Og2
Sakshi singh,singh-sakshi@inboxnavvvvp.cyou,^j6Z@(7<[FB7n)E7
Sakshi singh,sakshi.sing@inboxnavvvvp.cyou,J]^>&?8gFqm3.U7t
Sakshi singh,sakshi_sing@inboxnavvvvp.cyou,3xFO:3Z6m(i|MvFN
Sakshi singh,sakshi-sing@inboxnavvvvp.cyou,V@.592q=X0PSl0ku
Sakshi singh,sakshising@inboxnavvvvp.cyou,Tl1K0L$%Nn&_bh{>
Sakshi singh,sakshi.sin@inboxnavvvvp.cyou,Wl)*xCs@dz0:7-vA
Sakshi singh,sakshi_sin@inboxnavvvvp.cyou,R0ksSH]!9K1kob^&
Sakshi singh,sakshi-sin@inboxnavvvvp.cyou,"{)dSm@E!9m0{[,yt"
Sakshi singh,sakshisin@inboxnavvvvp.cyou,5p0OZb#$>Gg|:D:b
Sakshi singh,sakshi.si@inboxnavvvvp.cyou,TQs>[HM;MHI{4*eU
Sakshi singh,sakshi_si@inboxnavvvvp.cyou,WS@w|9Smq{90pD%J
Sakshi singh,sakshi-si@inboxnavvvvp.cyou,"p(lN+$&9$Tb}Om,Y"
Sakshi singh,sakshisi@inboxnavvvvp.cyou,AEn)l0d]-#!Y8>e+
Sakshi singh,sakshi_s@inboxnavvvvp.cyou,quLEh{MG|^6@+m$F
Sakshi singh,sakshi-s@inboxnavvvvp.cyou,cpKN2&fk!?fN2Ps7
Sakshi singh,saksh.singh@inboxnavvvvp.cyou,.s5Y1iu^y&+miaG.
Sakshi singh,saksh_singh@inboxnavvvvp.cyou,"_hhD2,-iM72}K1xX"
Sakshi singh,saksh-singh@inboxnavvvvp.cyou,gY(0+fv!1*mQ7$ZT
Sakshi singh,sakshsingh@inboxnavvvvp.cyou,%>j43MWgU#bz@XUI
Sakshi singh,saksh.sing@inboxnavvvvp.cyou,%)jD<(zm{Tn[)R)5
Sakshi singh,saksh_sing@inboxnavvvvp.cyou,[Q$+NxhE.1wUz]_!
Sakshi singh,saksh-sing@inboxnavvvvp.cyou,L83T!Ntw6R}|Verp
Sakshi singh,sakshsing@inboxnavvvvp.cyou,][)+y2k|[OLj6Ak7
Sakshi singh,saksh.sin@inboxnavvvvp.cyou,5|Z)prX&cWVO9J**
Sakshi singh,saksh_sin@inboxnavvvvp.cyou,d7gYG^0?rr-(R<Hx
Sakshi singh,saksh-sin@inboxnavvvvp.cyou,jFW9]]<OILj&^8H#
Sakshi singh,sakshsin@inboxnavvvvp.cyou,SyyiEt1{2xrva[Lo
Sakshi singh,saksh.si@inboxnavvvvp.cyou,"z?5!6,ev+TWwaawK"
Sakshi singh,saksh_si@inboxnavvvvp.cyou,d:Talke}{-X1&v8q
Sakshi singh,saksh-si@inboxnavvvvp.cyou,$JS7bBNy^2k+;8J1
Sakshi singh,sakshsi@inboxnavvvvp.cyou,"_StX2$|IEnr4ijS,"
Sakshi singh,saksh.s@inboxnavvvvp.cyou,LtXsF}O9Vrer-w]w
Sakshi singh,saksh_s@inboxnavvvvp.cyou,D(>0yhRrNCf7?mCW
Sakshi singh,saksh-s@inboxnavvvvp.cyou,C6(Z]|S#5obZ&BLY